ID,Objetivo1,Objetivo2,Restriccion
1,113.000000,51.000000,0.000000
